{"armature":[{"aabb":{"width":256,"y":-125.78,"height":256,"x":-119.20999999999998},"skin":[{"name":"","slot":[{"display":[{"uvs":[0.42969,0.27734,0.4375,0.27734,0.47266,0.30859,0.5,0.28516,0.51953,0.33203,0.55469,0.31641,0.57031,0.36328,0.60938,0.36328,0.60938,0.40234,0.63672,0.41406,0.64844,0.44531,0.67188,0.44531,0.67188,0.48828,0.69531,0.48828,0.67969,0.51563,0.71094,0.54688,0.69531,0.57422,0.71484,0.60547,0.69531,0.63281,0.71875,0.66016,0.67969,0.67188,0.69922,0.74219,0.63672,0.70703,0.61328,0.74219,0.57422,0.71094,0.55078,0.71875,0.52344,0.69531,0.50391,0.71094,0.5,0.70313,0.49609,0.66797,0.46484,0.67578,0.46094,0.63281,0.43359,0.64063,0.42969,0.59375,0.40625,0.60156,0.40234,0.55469,0.38281,0.55469,0.39844,0.53125,0.375,0.51563,0.36719,0.51953,0.36328,0.51172,0.37891,0.48828,0.33984,0.46875,0.36328,0.44141,0.33203,0.41406,0.35938,0.39063,0.33203,0.35938,0.37109,0.34766,0.35938,0.29688,0.40625,0.31641],"slotPose":[1.0000000000000002,0,0,1.0000000000000002,0,0],"vertices":[-13.03,-58.2,-11.03,-58.2,-2.03,-50.2,4.97,-56.2,9.97,-44.2,18.97,-48.2,22.97,-36.2,32.97,-36.2,32.97,-26.2,39.97,-23.2,42.97,-15.2,48.97,-15.2,48.97,-4.2,54.97,-4.2,50.97,2.8,58.97,10.8,54.97,17.8,59.97,25.8,54.97,32.8,60.97,39.8,50.97,42.8,55.97,60.8,39.97,51.8,33.97,60.8,23.97,52.8,17.97,54.8,10.97,48.8,5.97,52.8,4.97,50.8,3.97,41.8,-4.03,43.8,-5.03,32.8,-12.03,34.8,-13.03,22.8,-19.03,24.8,-20.03,12.8,-25.03,12.8,-21.03,6.8,-27.03,2.8,-29.03,3.8,-30.03,1.8,-26.03,-4.2,-36.03,-9.2,-30.03,-16.2,-38.03,-23.2,-31.03,-29.2,-38.03,-37.2,-28.03,-40.2,-31.03,-53.2,-19.03,-48.2],"path":"1","edges":[0,1,1,2,2,3,3,4,4,5,5,6,6,7,7,8,8,9,9,10,10,11,11,12,12,13,13,14,14,15,15,16,16,17,17,18,18,19,19,20,20,21,21,22,22,23,23,24,24,25,25,26,26,27,27,28,28,29,29,30,30,31,31,32,32,33,33,34,34,35,35,36,36,37,37,38,38,39,39,40,40,41,41,42,42,43,43,44,44,45,45,46,46,47,47,48,48,49,49,0],"name":"1","type":"mesh","transform":{},"triangles":[18,20,19,20,22,21,16,18,17,14,16,15,12,14,13,16,24,18,24,22,20,14,29,16,29,24,16,24,20,18,10,12,11,12,31,14,31,29,14,10,33,12,33,31,12,29,26,24,37,33,8,8,33,10,9,8,10,24,23,22,41,37,6,6,37,8,7,6,8,43,41,4,4,41,6,5,4,6,26,25,24,37,35,33,45,43,4,2,45,4,49,45,2,3,2,4,28,27,26,29,28,26,47,45,49,31,30,29,1,49,2,33,32,31,0,49,1,35,34,33,41,38,37,37,36,35,48,47,49,45,44,43,43,42,41,40,38,41,46,45,47,40,39,38],"width":256,"bonePose":[1,-0.5908836450830149,-0.8067567898526855,0.8067567898526855,-0.5908836450830149,31.75730796613447,28.163018829040528,2,0.6147675927215991,0.7887083155002808,-0.7887083155002808,0.6147675927215991,31.968759953574505,28.537719979188566],"height":256,"weights":[2,1,0.9768245776321589,2,0.023175422367841078,2,1,0.9716383305797409,2,0.02836166942025904,2,1,0.9529986967420893,2,0.04700130325791073,2,1,0.9084096116549965,2,0.09159038834500358,2,1,0.9010488321662552,2,0.09895116783374482,2,1,0.8333310008895393,2,0.16666899911046074,2,1,0.8168994465697762,2,0.18310055343022388,2,1,0.7336481869872308,2,0.26635181301276917,2,1,0.7322777547106513,2,0.26772224528934874,2,1,0.6671663813575025,2,0.3328336186424976,2,1,0.6285470241357445,2,0.3714529758642555,2,1,0.5851581158149393,2,0.4148418841850607,2,1,0.5553113843295383,2,0.44468861567046175,2,1,0.5277099488680088,2,0.47229005113199113,2,1,0.5240599155389823,2,0.4759400844610176,2,1,0.49876258300978443,2,0.5012374169902156,2,1,0.48646038222152965,2,0.5135396177784705,2,1,0.4133804554917089,2,0.5866195445082911,2,1,0.30061497326218967,2,0.6993850267378103,2,1,0.20460125587846031,2,0.7953987441215397,2,1,0.062152554237150826,2,0.9378474457628492,2,1,0.006666899558074085,2,0.9933331004419259,2,1,0.09249694206531875,2,0.9075030579346812,2,1,0.23743802933777705,2,0.762561970662223,2,1,0.40284942656523576,2,0.5971505734347643,2,1,0.4509904627149054,2,0.5490095372850946,2,1,0.495308481439573,2,0.504691518560427,2,1,0.49656859618283167,2,0.5034314038171683,2,1,0.49869904956719885,2,0.5013009504328012,2,1,0.5082127052806987,2,0.4917872947193013,2,1,0.5127982329876103,2,0.4872017670123897,2,1,0.5689106299380513,2,0.43108937006194864,2,1,0.5618146934511408,2,0.4381853065488592,2,1,0.6544114372411016,2,0.3455885627588983,2,1,0.6323874403666909,2,0.3676125596333091,2,1,0.7340198211744444,2,0.2659801788255555,2,1,0.7215043364491184,2,0.27849566355088157,2,1,0.7851563596059322,2,0.21484364039406778,2,1,0.7974360808606883,2,0.20256391913931165,2,1,0.7830600166471182,2,0.2169399833528818,2,1,0.7951400135176889,2,0.2048599864823111,2,1,0.8543518351199108,2,0.14564816488008928,2,1,0.8504492815383718,2,0.14955071846162818,2,1,0.9127721834690325,2,0.08722781653096749,2,1,0.9183610526136534,2,0.08163894738634662,2,1,0.9629607426513264,2,0.03703925734867363,2,1,0.9672144082255667,2,0.03278559177443326,2,1,0.9926722379415182,2,0.007327762058481823,2,1,0.9922693111231549,2,0.007730688876845053,2,1,0.9979761530631394,2,0.0020238469368606088],"userEdges":[]}],"name":"1"}]}],"type":"Armature","name":"Armature","ik":[],"bone":[{"name":"root","transform":{}},{"length":94,"transform":{"skY":-126.2197,"y":28.163,"skX":-126.2197,"x":31.7573},"parent":"root","name":"1"},{"length":37,"transform":{"skY":52.065,"y":28.5377,"skX":52.065,"x":31.9688},"parent":"root","name":"11"}],"slot":[{"name":"1","parent":"root","color":{}}],"animation":[{"bone":[{"frame":[{"duration":24,"transform":{}}],"name":"root"},{"frame":[{"duration":24,"transform":{}}],"name":"1"},{"frame":[{"tweenEasing":0,"duration":6,"transform":{}},{"tweenEasing":0,"duration":6,"transform":{"skY":32.935,"skX":32.935}},{"tweenEasing":0,"duration":6,"transform":{"skY":-0.005,"skX":-0.005}},{"tweenEasing":0,"duration":6,"transform":{"skY":-33.065,"skX":-33.065}},{"duration":0,"transform":{"skY":-0.005,"skX":-0.005}}],"name":"11"}],"ffd":[],"duration":24,"playTimes":0,"frame":[],"slot":[],"name":"animtion0","ik":[]}],"frameRate":24,"defaultActions":[{"gotoAndPlay":"animtion0"}]}],"frameRate":24,"name":"vod","version":"5.0","isGlobal":0}
